no,trades,mean,variance,standard_deviation
0,0,0,0,0
1,3079.65,1.05718e+07,3251.44
2,2588.87,5.80206e+06,2408.75
3,3729.28,3.00936e+06,1734.75
4,3402.62,1.64469e+06,1282.45
5,3251.23,1.21547e+06,1102.48
6,4477.57,8.22618e+06,2868.13
7,3986.78,4.09077e+06,2022.57
8,5127.19,4.81189e+06,2193.6
9,4800.54,4.10542e+06,2026.18
